{"w": -3.8722994839833653, "b": 0.682690404188227, "lr": 0.01, "step": 2}